Country,2000,2001,2002,2004,2005,2006,2007,2008,2009,2010,2011,2012,2013,2014,2015,2016,2017,2018,2019
Afghanistan,,0.00,0.00,0.11,1.22,2.11,1.90,1.84,3.55,4.00,5.00,5.45,5.90,7.00,8.26,,,,
Albania,0.11,0.33,0.39,2.42,6.04,9.61,15.04,23.86,41.20,45.00,47.00,49.40,51.80,54.30,56.90,59.60,62.40,65.40,68.55
Algeria,0.49,0.65,1.59,4.63,5.84,7.38,9.45,10.18,11.23,12.50,14.90,18.20,22.50,29.50,38.20,42.95,47.69,49.04,57.50
Andorra,10.54,,11.26,26.84,37.61,48.94,70.87,70.04,78.53,81.00,81.00,,,,,,91.57,,
Angola,0.11,0.14,0.27,0.46,1.14,1.50,1.70,1.90,2.30,2.80,3.10,6.50,8.90,21.40,29.00,29.00,32.00,35.00,36.00
Anguilla,22.41,25.88,24.80,25.04,29.00,36.00,41.00,44.00,48.00,49.60,53.64,59.21,64.80,70.39,75.98,81.57,,,
Antigua and Barbuda,6.48,8.90,12.50,24.27,27.00,30.00,34.00,38.00,42.00,47.00,52.00,58.00,63.40,67.78,70.00,73.00,,,
Argentina,7.04,9.78,10.88,16.04,17.72,20.93,25.95,28.11,34.00,45.00,51.00,55.80,59.90,64.70,68.04,70.97,74.29,,
Armenia,1.30,1.63,1.96,4.90,5.25,5.63,6.02,6.21,15.30,25.00,32.00,37.50,41.90,54.62,59.10,64.35,64.74,68.25,66.54
Aruba,15.44,17.10,18.80,23.00,25.40,28.00,30.90,52.00,58.00,62.00,69.00,74.00,78.90,83.78,88.66,93.54,97.17,,
Ascension,34.94,38.17,,,,,33.00,33.00,33.00,35.00,36.00,41.03,,,,,,,
Australia,46.76,52.69,,,63.00,66.00,69.45,71.67,74.25,76.00,79.49,79.00,83.45,84.00,84.56,86.54,86.55,,
Austria,33.73,39.19,36.56,54.28,58.00,63.60,69.37,72.87,73.45,75.17,78.74,80.03,80.62,81.00,83.94,84.32,87.94,87.48,87.75
Azerbaijan,0.15,0.31,5.00,,8.03,11.99,14.54,17.08,27.40,46.00,50.00,54.20,73.00,75.00,77.00,78.20,79.00,79.80,81.10
Bahamas,8.00,11.80,18.00,22.00,25.00,26.00,27.00,31.54,33.88,43.00,65.00,71.75,72.00,76.92,78.00,80.00,85.00,,
Bahrain,6.15,15.04,18.05,21.46,21.30,28.24,32.91,51.95,53.00,55.00,77.00,88.00,90.00,90.50,93.48,98.00,95.88,98.64,99.70
Bangladesh,0.07,0.13,0.14,0.20,0.24,1.00,1.80,2.50,3.10,3.70,4.50,5.00,6.63,7.40,8.30,9.20,10.30,11.50,12.90
Barbados,3.97,11.94,27.84,49.80,52.50,55.30,58.20,61.40,64.70,65.10,66.50,71.20,71.80,75.16,76.11,79.55,81.76,,
Belarus,1.86,4.30,8.95,,,16.20,19.70,23.00,27.43,31.80,39.65,46.91,54.17,59.02,62.23,71.11,74.44,79.13,82.79
Belgium,29.43,31.29,46.33,53.86,55.82,59.72,64.44,66.00,70.00,75.00,81.61,80.72,82.17,85.00,85.05,86.52,87.68,88.65,90.28
Belize,5.96,,5.68,9.80,17.00,24.00,24.60,26.30,27.20,28.20,30.70,31.00,33.60,38.70,41.59,44.58,47.08,,
Benin,0.23,0.36,0.70,1.18,1.27,1.54,1.79,1.85,2.24,3.13,4.15,4.50,4.90,6.00,11.25,11.99,13.30,26.00,29.00
Bermuda,42.95,47.51,52.03,60.99,65.45,69.90,74.35,82.30,83.25,84.21,88.34,91.30,95.30,96.80,98.32,98.00,98.37,,
Bhutan,0.40,0.86,1.68,3.16,3.85,4.52,5.92,6.55,7.17,13.60,14.40,15.60,22.40,30.30,39.80,41.77,,,
Bolivia (Plurinational State of),1.44,2.12,3.12,4.44,5.23,6.20,10.50,12.50,16.80,22.40,30.00,35.34,36.99,34.60,37.49,39.70,43.83,44.29,47.47
Bosnia and Herzegovina,1.08,1.20,2.65,15.47,21.33,25.12,27.92,34.66,37.74,42.75,43.89,45.06,48.52,49.92,52.60,60.26,64.89,70.12,69.95
Botswana,2.90,3.43,3.39,3.30,3.26,4.29,5.28,6.25,6.15,6.00,9.00,16.00,30.00,36.74,37.31,39.36,41.41,58.00,61.00
Brazil,2.87,4.53,9.15,19.07,21.02,28.18,30.88,33.83,39.22,40.65,45.69,48.56,51.04,54.55,58.33,60.87,67.47,70.43,73.91
British Virgin Islands,,,18.89,,,,,,36.00,37.00,37.40,37.60,,,,77.70,77.70,,
Brunei Darussalam,9.00,12.92,15.33,29.72,36.47,42.19,44.68,46.00,49.00,53.00,56.00,60.27,64.50,68.77,71.20,90.00,94.87,95.00,95.00
Bulgaria,5.37,7.61,9.08,18.13,19.97,27.09,33.64,39.67,45.00,46.23,47.98,51.90,53.06,55.49,56.66,59.83,63.41,64.78,67.95
Burkina Faso,0.08,0.16,0.20,0.40,0.47,0.63,0.75,0.92,1.13,2.40,3.00,3.73,5.00,6.00,7.00,9.00,12.00,14.00,18.00
Burundi,0.08,0.11,0.12,0.35,0.54,0.66,0.70,0.81,0.90,1.00,1.11,1.22,1.26,1.40,2.10,2.40,2.66,5.00,5.20
Cabo Verde,1.82,2.69,3.52,5.32,6.07,6.81,8.28,14.00,21.00,30.00,32.00,34.74,37.50,40.26,42.68,50.32,57.16,59.50,61.94
Cambodia,0.05,0.08,0.23,0.30,0.32,0.47,0.49,0.51,0.53,1.26,3.10,4.94,6.00,14.00,18.00,32.40,32.90,65.00,78.27
Cameroon,0.25,0.28,0.36,0.98,1.40,2.03,2.93,3.40,3.84,4.30,5.00,7.50,10.00,16.21,18.30,20.60,23.20,29.70,33.50
Canada,51.30,60.20,61.59,65.96,71.66,72.40,73.20,76.70,80.30,80.30,83.00,83.00,85.80,87.12,90.00,91.16,92.70,94.64,96.50
Cayman Islands,,,,,38.03,44.50,52.00,61.00,64.50,66.00,69.47,69.70,71.40,74.10,77.00,79.00,81.07,,
Central African Rep.,0.05,0.08,0.13,0.22,0.27,0.31,0.38,1.00,1.80,2.00,2.20,3.00,3.40,3.60,3.80,4.00,,,
Chad,0.04,0.05,0.17,0.36,0.40,0.58,0.85,1.19,1.50,1.70,1.90,2.10,2.50,2.90,3.50,5.00,6.50,8.00,9.80
Chile,16.60,19.10,22.10,28.18,31.18,34.50,35.90,37.30,41.56,45.00,52.25,55.05,58.00,61.11,76.63,83.56,82.33,,
China,1.78,2.64,4.60,7.30,8.52,10.52,16.00,22.60,28.90,34.30,38.30,42.30,45.80,47.90,50.30,53.20,54.30,59.20,64.57
Colombia,2.21,2.85,4.60,9.12,11.01,15.34,21.80,25.60,30.00,36.50,40.35,48.98,51.70,52.57,55.90,58.14,62.26,64.13,65.01
Comoros,0.27,0.44,0.55,1.33,2.00,2.20,2.50,3.00,3.50,5.10,5.50,5.98,6.50,6.98,7.46,7.94,8.48,,
Congo (Rep. of the),0.03,0.03,0.16,1.08,1.46,2.01,2.76,4.29,4.50,5.00,5.60,6.11,6.60,7.11,7.62,8.12,8.65,,
Cook Islands,15.66,18.08,20.02,23.99,26.20,25.86,25.60,25.41,30.29,35.71,39.03,42.00,45.00,48.00,51.00,54.00,,,
Costa Rica,5.80,9.56,19.89,20.79,22.07,25.10,28.40,32.29,34.33,36.50,39.21,47.50,45.96,53.00,59.76,65.88,71.58,73.48,81.20
Côte d'Ivoire,0.23,0.40,0.50,0.85,1.04,1.52,1.80,1.90,2.00,2.70,2.90,5.00,12.00,19.27,38.44,41.21,43.84,37.55,36.29
Croatia,6.64,11.56,17.76,30.91,33.14,37.98,41.44,44.24,50.58,56.55,57.79,61.94,66.75,68.57,69.85,72.70,67.10,75.29,79.08
Cuba,0.54,1.08,3.77,8.41,9.74,11.16,11.69,12.94,14.33,15.90,16.02,21.20,27.93,29.07,37.31,42.98,57.15,62.68,67.97
Curacao,,,,,,,,,,,,,,,,61.86,68.13,,
Cyprus,15.26,18.82,28.32,33.83,32.81,35.83,40.77,42.31,49.81,52.99,56.86,60.69,65.45,69.33,71.72,75.90,80.74,84.43,86.06
Czech Republic,9.78,14.70,23.93,35.50,35.27,47.93,51.93,62.97,64.43,68.82,70.49,73.43,74.11,74.23,75.67,76.48,78.72,80.69,80.87
Dem. People's Rep. of Korea,0.00,0.00,0.00,0.00,0.00,0.00,0.00,0.00,0.00,0.00,0.00,0.00,,,,,,,
Dem. Rep. of the Congo,0.01,0.01,0.09,0.20,0.24,0.30,0.37,0.44,0.56,0.72,1.20,1.68,2.20,3.00,3.80,6.21,8.62,11.70,12.50
Denmark,39.17,42.96,64.25,80.93,82.74,86.65,85.03,85.02,86.84,88.72,89.81,92.26,94.63,95.99,96.33,96.97,97.10,97.32,98.05
Djibouti,0.19,0.34,0.49,0.78,0.95,1.27,1.62,2.26,4.00,6.50,7.00,9.40,12.70,17.00,22.90,30.80,55.68,58.00,59.00
Dominica,8.81,13.25,18.42,30.32,38.54,39.40,40.27,41.16,42.02,47.45,48.60,49.80,51.00,57.50,65.00,67.03,69.62,,
Dominican Rep.,3.70,4.43,6.82,8.87,11.48,14.84,17.66,20.82,27.72,31.40,38.00,42.32,45.90,49.58,54.22,63.87,67.57,74.82,75.80
Ecuador,1.46,2.67,4.26,4.83,5.99,7.20,10.80,18.80,24.60,29.03,31.37,35.14,40.28,45.59,48.94,54.06,,,
Egypt,0.64,0.84,2.72,11.92,12.75,13.66,16.03,18.01,20.00,21.60,25.60,26.40,29.40,33.89,37.82,41.25,44.95,46.92,57.28
El Salvador,1.18,1.50,1.90,3.20,4.20,5.50,6.11,10.08,12.11,15.90,18.90,20.32,23.11,24.76,26.80,29.00,33.82,43.80,50.49
Equatorial Guinea,0.13,0.17,0.32,0.84,1.15,1.28,1.56,1.82,2.13,6.00,11.50,13.94,16.40,18.86,,,,,
Eritrea,0.14,0.16,0.23,,,,0.41,0.47,0.54,0.61,0.70,0.80,0.90,0.99,1.08,1.18,1.31,,
Estonia,28.58,31.53,41.52,53.20,61.45,63.51,66.19,70.58,72.50,74.10,76.50,78.39,80.00,84.24,88.41,87.24,88.10,89.36,90.23
Eswatini,0.93,1.28,1.82,3.23,3.70,3.70,4.10,6.85,8.94,11.04,18.13,20.78,24.70,25.00,25.64,,,,
Ethiopia,0.02,0.04,0.07,0.16,0.22,0.31,0.37,0.45,0.54,0.75,1.10,2.90,4.60,7.70,13.86,15.37,18.62,22.00,25.00
Falkland (Malvinas) Is.,58.62,64.60,64.15,67.32,84.01,87.10,90.06,92.96,95.84,95.84,96.38,96.92,96.90,97.60,98.31,99.02,,,
Faroe Islands,32.92,43.25,53.30,66.53,67.90,69.36,75.98,75.57,75.18,75.20,80.73,85.34,90.00,93.30,94.20,95.11,97.58,,
Fiji,1.50,1.86,6.15,7.41,8.45,9.60,10.90,13.00,17.00,20.00,28.00,33.74,35.20,37.40,42.50,46.51,49.97,,
Finland,37.25,43.11,62.43,72.39,74.48,79.66,80.78,83.67,82.49,86.89,88.71,89.88,91.51,86.53,86.42,87.70,87.47,88.89,89.61
France,14.31,26.33,30.18,39.15,42.87,46.87,66.09,70.68,71.58,77.28,77.82,81.44,81.92,83.75,78.01,79.27,80.50,82.04,83.34
French Guiana [included in France data],9.69,11.62,13.92,19.50,20.79,22.06,23.31,24.53,25.70,,,,,,,,,,
French Polynesia,6.36,6.25,8.20,17.88,21.54,25.11,28.59,33.87,44.60,49.00,49.00,52.88,56.80,60.68,64.56,68.44,72.70,,
Gabon,1.22,1.35,1.94,2.98,4.89,5.49,5.77,7.50,9.50,13.00,18.00,24.00,30.54,38.07,45.78,48.05,50.32,59.60,61.00
Gambia,0.92,1.34,1.80,3.31,3.80,5.24,6.21,6.88,7.63,9.20,10.87,12.45,14.00,15.56,19.70,25.00,32.00,40.00,51.00
Georgia,0.48,0.99,1.59,3.89,6.08,7.53,8.26,10.01,20.07,26.90,31.52,36.94,43.30,44.00,47.57,58.46,59.71,62.72,68.85
Germany,30.22,31.65,48.82,64.73,68.71,72.16,75.16,78.00,79.00,82.00,81.27,82.35,84.17,86.19,87.59,84.17,84.39,87.04,88.13
Ghana,0.15,0.20,0.83,1.72,1.83,2.72,3.85,4.27,5.44,7.80,9.00,10.60,15.00,19.00,23.00,28.00,37.88,43.00,53.00
Gibraltar,19.13,21.17,23.67,32.89,39.07,45.30,51.61,58.00,65.07,65.00,65.00,65.02,,,,94.44,,,
Greece,9.14,10.94,14.67,21.42,24.00,32.25,35.88,38.20,42.40,44.40,51.65,55.07,59.87,63.21,66.83,69.09,69.89,72.24,75.67
Greenland,31.75,35.46,44.15,56.10,57.70,59.36,61.07,62.82,62.83,63.00,64.00,64.90,65.80,66.70,67.60,68.50,69.48,,
Grenada,4.06,5.13,14.76,19.57,20.49,21.40,22.29,23.18,24.05,27.00,30.00,32.00,35.00,51.60,53.81,55.86,59.07,,
Guadeloupe [included in France data],5.83,9.20,11.35,17.51,18.66,19.83,21.02,22.22,23.42,,,,,,,,,,
Guam,16.11,25.38,31.19,36.16,38.56,43.85,46.15,48.42,50.64,54.04,57.70,61.53,65.40,69.27,73.14,77.01,80.51,,
Guatemala,0.71,1.74,3.39,5.10,5.70,6.50,7.30,8.30,9.30,10.50,12.30,16.00,19.70,23.40,28.81,34.51,40.70,,44.40
Guernsey,31.90,44.47,53.57,64.52,73.57,83.63,,,,,83.63,,,,,,,,
Guinea,0.10,0.18,0.40,0.51,0.54,0.64,0.78,0.92,0.94,1.00,2.00,3.10,4.50,6.40,8.20,9.80,11.40,21.83,23.00
Guinea-Bissau,0.23,0.30,1.02,1.81,1.90,2.06,2.21,2.35,2.30,2.45,2.67,2.89,3.10,3.32,,17.00,18.00,22.00,28.00
Guyana,6.61,13.21,,,,,13.80,18.20,23.90,29.90,30.00,30.50,31.00,32.00,34.00,35.66,37.33,,
Haiti,0.23,0.34,0.89,5.40,6.38,6.80,7.20,7.60,8.10,8.37,9.00,9.80,10.60,11.40,12.20,12.23,31.00,32.47,32.50
Honduras,1.20,1.42,2.60,5.60,6.50,7.80,9.40,9.60,9.80,11.09,15.90,18.12,17.80,19.08,27.10,29.50,32.14,,
"Hong Kong, China",27.83,38.67,43.08,56.40,56.90,60.80,64.80,66.70,69.40,72.00,72.20,72.90,74.20,79.87,84.95,87.48,89.42,90.51,91.74
Hungary,7.00,14.53,16.67,27.74,38.97,47.06,53.30,61.00,62.00,65.00,68.02,70.58,72.64,75.65,72.83,79.26,76.75,76.07,80.37
Iceland,44.47,49.39,79.12,83.88,87.00,89.51,90.60,91.00,93.00,93.39,94.82,96.21,96.55,98.16,98.20,98.24,98.26,99.01,99.00
India,0.53,0.66,1.54,1.98,2.39,2.81,3.95,4.38,5.12,7.50,10.07,11.10,12.30,13.50,14.90,16.50,18.20,20.08,41.00
Indonesia,0.93,2.02,2.13,2.60,3.60,4.76,5.79,7.92,6.92,10.92,12.28,14.52,14.94,17.14,22.06,25.45,32.34,39.90,47.69
Iran (Islamic Republic of),0.93,1.48,4.63,7.49,8.10,8.76,9.47,12.02,13.80,15.90,19.00,22.73,29.95,39.35,45.33,53.23,64.04,70.20,77.77
Iraq,,0.10,0.50,0.90,0.90,0.95,0.93,1.00,1.06,2.50,5.00,7.10,9.20,13.21,16.80,36.70,49.36,,
Ireland,17.85,23.14,25.85,36.99,41.61,54.82,61.16,65.34,67.38,69.85,74.89,76.92,78.25,83.49,83.49,83.50,84.11,87.00,87.00
Israel,20.87,17.38,17.76,22.77,25.19,27.88,48.13,59.39,63.12,67.50,68.87,70.80,70.25,75.02,77.35,79.65,81.58,83.73,86.79
Italy,23.11,27.22,28.04,33.24,35.00,37.99,40.79,44.53,48.83,53.68,54.39,55.83,58.46,55.64,58.14,61.32,63.08,74.39,76.10
Jamaica,3.12,3.86,6.10,10.00,12.80,16.40,21.10,23.60,24.30,27.67,37.44,33.79,37.10,40.40,42.22,44.37,55.07,68.21,
Japan,29.99,38.53,46.59,62.39,66.92,68.69,74.30,75.40,78.00,78.21,79.05,79.50,88.22,89.11,91.06,93.18,91.73,91.28,92.73
Jersey,9.22,16.06,19.41,30.68,31.25,31.82,32.39,,,,36.00,41.03,,,,,,,
Jordan,2.62,4.71,6.03,11.66,12.93,13.87,20.00,23.00,26.00,27.20,34.90,37.00,41.40,46.20,60.11,62.30,66.79,,
Kazakhstan,0.67,1.01,1.67,2.65,2.96,3.27,4.02,11.00,18.20,31.60,50.60,61.91,63.30,66.00,70.83,74.59,76.43,78.90,81.88
Kenya,0.32,0.62,1.21,3.02,3.10,3.60,4.40,5.20,6.10,7.20,8.80,10.50,13.00,16.50,16.59,16.60,17.83,19.50,22.57
Kiribati,1.79,2.34,2.50,3.50,4.00,4.50,6.00,7.00,8.97,9.07,10.00,10.75,11.50,12.25,13.00,13.70,14.58,,
Korea (Rep. of),44.70,56.60,59.40,72.70,73.50,78.10,78.80,81.00,81.60,83.70,83.76,84.07,84.77,87.56,89.90,92.84,95.07,96.02,96.16
Kosovo,,,,,,,,,,,,,,,,,83.89,89.44,
Kuwait,6.73,8.55,10.25,22.93,25.93,28.79,34.80,42.00,50.80,61.40,65.77,70.45,75.46,78.70,78.00,78.37,98.00,99.60,99.54
Kyrgyzstan,1.04,3.00,3.00,5.09,10.53,12.31,14.03,15.70,16.00,16.30,17.50,19.80,23.00,28.30,30.25,37.00,38.20,,
Lao P.D.R.,0.11,0.18,0.27,0.36,0.85,1.17,1.64,3.55,6.00,7.00,9.00,10.75,12.50,14.26,18.20,21.87,25.51,,
Latvia,6.32,7.22,21.94,38.58,46.00,53.63,59.17,63.41,66.84,68.42,69.75,73.12,75.23,75.83,79.20,79.84,80.11,83.58,86.14
Lebanon,7.95,6.78,7.00,9.00,10.14,15.00,18.74,22.53,30.14,43.68,52.00,61.25,70.50,73.00,74.00,76.11,78.18,,
Lesotho,0.21,0.26,1.08,2.18,2.58,2.98,3.45,3.58,3.72,3.86,7.00,10.00,15.00,22.00,25.00,32.45,39.00,40.80,42.30
Liberia,0.02,0.03,0.03,0.03,,,0.55,0.53,2.00,2.30,2.50,2.60,3.20,5.41,10.00,15.70,16.30,18.90,22.00
Libya,0.19,0.37,2.24,3.53,3.92,4.30,4.72,9.00,10.80,14.00,14.00,,16.50,17.76,19.02,20.27,21.76,,
Liechtenstein,36.52,45.12,59.47,64.01,63.37,64.21,65.08,70.00,75.00,80.00,85.00,89.41,93.80,95.21,96.64,98.09,99.55,,
Lithuania,6.43,7.18,17.69,31.23,36.22,43.90,49.90,55.22,59.76,62.12,63.64,67.23,68.45,72.13,71.38,74.38,77.62,79.72,81.58
Luxembourg,22.89,36.16,39.84,65.88,70.00,72.51,78.92,82.23,87.31,90.62,90.03,91.95,93.78,94.67,96.38,98.14,97.36,97.06,97.12
"Macao, China",13.61,22.52,25.17,31.48,34.86,46.40,47.33,49.24,54.00,55.20,60.20,61.31,65.80,69.78,77.60,81.64,83.17,83.79,86.47
Madagascar,0.20,0.22,0.34,0.53,0.57,0.61,0.65,1.65,1.63,1.70,1.90,2.30,3.00,3.70,4.17,4.71,,15.00,
Malawi,0.13,0.16,0.22,0.35,0.38,0.43,0.97,0.70,1.07,2.26,3.33,4.35,5.05,5.83,7.60,8.00,13.78,13.90,15.50
Malaysia,21.38,26.70,32.34,42.25,48.63,51.64,55.70,55.80,55.90,56.30,61.00,65.80,57.06,63.67,71.06,78.79,80.14,81.20,84.19
Maldives,2.20,3.62,5.35,6.59,6.87,11.04,16.30,23.20,24.80,26.53,34.00,38.93,44.10,49.28,54.46,59.09,63.19,,
Mali,0.14,0.19,0.23,0.43,0.51,0.73,0.81,1.57,1.80,2.00,2.20,2.80,3.50,7.00,10.33,11.11,15.60,23.00,26.00
Malta,13.11,17.88,28.92,34.62,41.24,40.41,46.90,50.08,58.86,63.00,68.02,68.20,68.91,73.17,75.96,78.08,81.01,81.66,85.78
Marshall Islands,1.53,1.71,2.34,3.60,3.88,3.80,3.95,4.60,5.60,7.00,10.00,12.50,14.00,16.80,19.28,29.79,38.70,,
Martinique [included in France data],7.79,10.31,15.35,27.78,32.65,34.99,37.33,39.67,42.00,,,,,,,,,,
Mauritania,0.19,0.26,0.36,0.48,0.67,0.98,1.43,1.87,2.28,4.00,4.50,5.00,6.20,10.70,15.20,18.00,20.80,,
Mauritius,7.28,8.78,10.25,13.69,15.17,16.70,20.22,21.81,22.51,28.33,34.95,35.42,40.12,44.80,50.14,52.19,55.40,58.60,61.73
Mayotte,1.21,,,,,,,,,,,,,,,,,,
Mexico,5.08,7.04,11.90,14.10,17.21,19.52,20.81,21.71,26.34,31.05,37.18,39.75,43.46,44.39,57.43,59.54,63.85,65.77,70.07
Micronesia,3.73,4.66,5.57,11.02,11.88,12.75,13.62,14.49,15.35,20.00,22.80,25.97,27.80,29.65,31.50,33.35,35.30,,
Moldova,1.28,1.49,3.79,10.63,14.63,19.62,20.45,23.39,27.50,32.30,38.00,43.37,60.00,67.00,69.00,71.00,76.12,,
Monaco,42.18,46.65,48.05,52.49,55.46,61.48,64.38,67.25,70.10,75.00,80.30,87.00,90.70,92.40,93.36,95.21,97.05,,
Mongolia,1.26,1.65,2.04,,,,9.00,9.80,10.00,10.20,12.50,16.40,17.70,19.94,22.50,22.27,23.71,47.13,51.08
Montenegro,,,,25.35,27.10,28.90,30.80,32.90,35.10,37.50,35.61,56.84,60.31,61.00,68.12,69.88,71.27,71.52,73.48
Montserrat,,,,,,25.91,20.43,20.32,20.26,35.00,54.55,,,,,,,,
Morocco,0.69,1.37,2.37,11.61,15.08,19.77,21.50,33.10,41.30,52.00,46.11,55.42,56.00,56.80,57.08,58.27,61.76,64.80,74.38
Mozambique,0.11,0.16,0.26,0.68,0.85,0.84,0.91,1.56,2.68,4.17,4.60,5.00,5.50,6.00,6.50,7.00,7.80,10.40,15.10
Myanmar,,0.00,0.00,0.02,0.07,0.18,0.22,0.22,0.22,0.25,0.98,4.00,8.00,11.52,,,23.62,,
Namibia,1.64,2.42,2.63,3.80,4.01,4.40,4.84,5.33,6.50,11.60,12.00,12.94,13.90,14.84,25.69,31.03,36.84,40.00,40.50
Nauru,,2.99,,,,,,,,,54.00,,,,,,62.39,,
Nepal (Republic of),0.20,0.24,0.31,0.45,0.83,1.14,1.41,1.73,1.97,7.93,9.00,11.15,13.30,15.44,17.58,19.69,21.40,,
Netherlands,43.98,49.37,61.29,68.52,81.00,83.70,85.82,87.42,89.63,90.72,91.42,92.86,93.96,91.67,91.72,90.41,93.20,91.89,93.29
New Caledonia,13.94,18.24,22.39,30.30,32.36,33.52,35.05,34.51,33.99,42.00,50.00,58.00,66.00,70.00,74.00,,82.01,,
New Zealand,47.38,53.24,59.08,61.85,62.72,69.00,69.76,72.03,79.70,80.46,81.23,81.64,82.78,85.50,88.22,88.47,90.81,,
Nicaragua,0.98,1.45,1.71,2.32,2.57,2.81,3.90,5.30,7.30,10.00,10.60,13.50,15.50,17.60,19.70,24.57,27.86,,
Niger,0.04,0.11,0.13,0.19,0.22,0.29,0.39,0.70,0.76,0.83,0.90,1.05,1.15,1.25,2.48,4.32,10.22,,
Nigeria,0.06,0.09,0.32,1.29,3.55,5.55,6.77,8.00,9.30,11.50,13.80,16.10,19.10,21.00,24.50,25.67,28.00,31.90,33.60
Niue,26.51,32.66,39.15,47.34,51.70,56.25,61.01,65.92,74.48,76.97,79.56,,,,,,,,
North Macedonia,2.49,3.47,17.33,24.44,26.45,28.62,36.30,46.04,51.77,51.90,56.70,57.45,65.24,68.06,70.38,72.16,74.52,79.17,81.41
Norway,52.00,64.00,72.84,77.69,81.99,82.55,86.93,90.57,92.08,93.39,93.49,94.65,95.05,96.30,96.81,97.30,96.36,96.49,98.00
Oman,3.52,5.89,6.87,6.76,6.68,8.30,16.68,20.00,26.80,35.83,48.00,60.00,66.45,70.22,73.53,76.85,80.19,85.50,90.30
Pakistan,,1.32,2.58,6.16,6.33,6.50,6.80,7.00,7.50,8.00,8.00,8.10,9.00,10.00,11.00,12.39,13.78,15.34,17.07
Palau,,,20.24,26.97,,,,,,,,,,,,,,,
Palestine,1.11,1.84,3.10,4.40,16.01,18.41,21.18,24.36,32.23,37.40,41.08,43.40,46.60,53.67,56.70,59.90,63.30,64.40,70.62
Panama,6.55,7.27,8.52,11.14,11.48,17.35,22.29,33.82,39.08,40.10,42.70,40.30,44.03,44.92,51.21,54.00,59.95,61.81,63.63
Papua New Guinea,0.84,0.90,1.32,1.51,1.72,1.75,1.79,1.15,1.61,1.28,2.00,3.50,5.10,6.50,7.90,9.60,11.21,,
Paraguay,0.75,1.10,1.79,3.45,7.91,7.96,11.21,14.27,18.90,19.80,24.76,29.34,36.90,43.00,49.72,53.40,61.08,64.99,68.52
Peru,3.08,7.58,8.97,14.10,17.10,20.70,25.20,30.57,31.40,34.77,36.01,38.20,39.20,40.20,40.85,45.46,50.45,55.05,59.95
Philippines,1.98,2.52,4.33,5.24,5.40,5.74,5.97,6.22,9.00,25.00,29.00,36.24,48.10,,,,,,46.88
Poland,7.29,9.90,21.15,32.53,38.81,44.58,48.60,53.13,58.97,62.32,61.95,62.31,62.85,66.60,68.00,73.30,75.99,77.54,80.44
Portugal,16.43,18.09,19.37,31.78,34.99,38.01,42.09,44.13,48.27,53.30,55.25,60.34,62.10,64.59,68.63,70.42,73.79,74.66,75.35
Puerto Rico,10.47,15.63,17.55,22.13,23.40,25.44,27.86,38.00,41.50,45.30,48.00,69.00,69.00,,63.47,68.64,68.74,70.86,77.74
Qatar,4.86,6.17,10.23,20.70,24.73,28.97,37.00,44.30,53.10,69.00,69.00,69.30,85.30,91.49,92.88,95.12,97.39,99.65,99.65
Réunion [included in France data],13.82,16.30,20.05,25.89,28.06,30.18,32.25,34.29,36.28,,,,,,,,,,
Romania,3.61,4.54,6.58,15.00,21.50,24.66,28.30,32.42,36.60,39.93,40.01,45.88,49.76,54.08,55.76,59.50,63.75,70.68,73.66
Russian Federation,1.98,2.94,4.13,12.86,15.23,18.02,24.66,26.83,29.00,43.00,49.00,63.80,67.97,70.52,70.10,73.09,76.01,80.86,82.64
Rwanda,0.06,0.24,0.29,0.43,0.56,,2.12,4.50,7.70,8.00,7.00,8.02,9.00,10.60,18.00,20.00,21.77,25.00,26.00
Saint Kitts and Nevis,5.86,7.71,21.15,24.74,34.00,38.50,43.50,49.20,55.70,63.00,63.20,64.00,64.60,68.00,75.70,76.82,80.71,,
Saint Lucia,5.09,8.18,14.64,21.40,21.57,24.50,27.90,30.00,31.00,32.50,34.00,34.82,36.00,39.70,42.53,46.73,50.82,,
Saint Vincent and the Grenadines,3.25,5.09,5.55,7.37,9.20,12.00,16.00,21.00,31.00,33.70,36.70,40.00,43.50,47.40,51.77,55.57,65.56,,
Samoa,0.57,1.69,2.24,3.08,3.35,4.47,4.75,5.03,6.00,7.00,11.00,12.92,15.30,21.20,25.41,29.41,33.61,,
San Marino,48.80,50.34,50.83,50.57,50.26,50.21,50.36,54.52,54.21,,49.60,,,,,,60.18,,
Sao Tome and Principe,4.64,6.31,7.58,13.32,13.76,14.18,14.59,15.48,16.41,18.75,20.16,21.57,23.00,24.41,25.82,28.00,29.93,31.90,32.00
Saudi Arabia,2.21,4.68,6.38,10.23,12.71,19.46,30.00,36.00,38.00,41.00,47.50,54.00,60.50,64.71,69.62,74.88,94.18,93.31,95.72
Senegal,0.40,0.98,1.01,4.39,4.79,5.61,6.89,7.12,7.50,8.00,9.80,10.80,13.10,17.70,21.70,25.66,29.64,35.30,39.50
Serbia,,,,23.50,26.30,27.20,33.15,35.60,38.10,40.90,42.20,48.10,53.45,62.08,65.32,67.06,70.33,73.36,77.42
Seychelles,7.40,11.02,14.30,24.27,25.41,34.95,38.38,40.44,,41.00,43.16,47.08,50.40,51.25,54.26,56.51,58.77,70.10,75.00
Sierra Leone,0.12,0.16,0.18,0.20,0.22,0.23,0.24,0.25,0.26,0.58,0.90,2.50,4.00,6.06,6.34,11.77,13.24,15.80,16.80
Singapore,36.00,41.67,47.00,62.00,61.00,59.00,69.90,69.00,69.00,71.00,71.00,72.00,80.90,79.03,79.01,84.45,84.45,88.17,88.95
Slovakia,9.43,12.53,40.14,52.89,55.19,56.08,61.80,66.05,70.00,75.71,74.44,76.71,77.88,79.98,77.63,80.48,81.63,80.45,82.85
Slovenia,15.11,30.18,27.84,40.81,46.81,54.01,56.74,58.00,64.00,70.00,67.34,68.35,72.68,71.59,73.10,75.50,78.89,79.75,83.11
Solomon Islands,0.48,0.47,0.50,0.65,0.84,1.65,2.00,3.00,4.00,5.00,6.00,7.00,8.00,9.00,10.00,11.00,11.92,,
Somalia,0.02,0.08,0.12,1.05,1.08,1.10,1.12,1.14,1.16,,1.25,1.38,1.50,1.63,1.76,1.88,2.00,,
South Africa,5.35,6.35,6.71,8.43,7.49,7.61,8.07,8.43,10.00,24.00,33.97,41.00,46.50,49.00,51.92,54.00,56.17,62.40,68.20
South Sudan,,,,,,,,,,,,,3.83,4.52,5.50,6.68,7.98,,
Spain,13.62,18.15,20.39,44.01,47.88,50.37,55.11,59.60,62.40,65.80,67.09,69.81,71.64,76.19,78.69,80.56,84.60,86.11,90.72
Sri Lanka,0.65,0.79,1.05,1.45,1.79,2.54,3.88,,,,,,,10.50,12.10,15.10,21.30,26.00,29.00
St. Helena,5.92,7.99,10.13,14.62,15.91,17.23,18.57,18.82,19.07,24.94,33.00,37.60,,,,,,,
Sudan,0.03,0.14,0.44,0.79,1.29,,8.66,,,16.70,17.46,,,,,14.10,,,25.40
Suriname,2.51,3.06,4.16,6.08,6.40,9.50,14.11,21.06,31.36,31.59,32.00,34.68,37.40,40.08,42.76,45.40,48.95,,
Sweden,45.69,51.77,70.57,83.89,84.83,87.76,82.01,90.00,91.00,90.00,92.77,93.18,94.78,92.52,90.61,89.65,93.01,89.25,94.49
Switzerland,47.10,55.10,61.40,67.80,70.10,75.70,77.20,79.20,81.30,83.90,85.19,85.20,86.34,87.40,87.48,89.13,89.69,91.80,93.15
Syrian Arab Republic,0.18,0.35,2.09,4.32,5.65,7.83,11.50,14.00,17.30,20.70,22.50,24.30,26.20,28.09,29.98,31.87,34.25,,
"Taiwan, Province of China",28.10,34.90,47.60,53.81,58.01,63.68,64.45,65.84,69.90,71.50,72.00,75.99,76.29,78.04,78.04,79.75,,86.21,88.82
Tajikistan,0.05,0.05,0.06,0.08,0.30,3.77,7.20,8.78,10.07,11.55,13.03,14.51,16.00,17.49,18.98,20.47,21.96,,
Tanzania,0.12,0.17,0.22,0.88,1.10,1.30,1.60,1.90,2.40,2.90,3.20,3.95,4.40,7.00,10.00,13.50,16.00,19.00,20.00
Thailand,3.69,5.56,7.53,10.68,15.03,17.16,20.03,18.20,20.10,22.40,23.67,26.46,28.94,34.89,39.32,47.50,52.89,56.82,66.65
Timor-Leste,,,0.00,,0.10,0.50,1.00,1.50,2.00,3.00,4.00,7.00,11.00,17.50,23.00,25.25,27.49,,
Togo,0.80,0.90,1.00,1.50,1.80,2.00,2.20,2.40,2.60,3.00,3.50,4.00,4.50,5.70,7.12,11.31,12.36,15.50,19.30
Tonga,2.43,2.83,2.91,3.95,4.91,5.85,7.18,8.11,10.00,16.00,25.00,30.00,32.75,35.95,38.65,39.95,41.25,,
Trinidad and Tobago,7.72,15.38,22.00,27.02,28.98,30.00,32.30,34.80,44.30,48.50,55.20,59.52,63.80,65.10,69.20,73.30,77.33,,
Tunisia,2.75,4.30,5.25,8.53,9.66,12.99,17.10,27.53,34.07,36.80,39.10,41.44,43.80,46.16,46.50,49.60,55.50,64.19,66.70
Turkey,3.76,5.19,11.38,14.58,15.46,18.24,28.63,34.37,36.40,39.82,43.07,45.13,46.25,51.04,53.74,58.35,64.68,71.04,73.98
Turkmenistan,0.13,0.18,0.30,0.75,1.00,1.32,1.41,1.75,1.95,3.00,5.00,7.20,9.60,12.20,15.00,17.99,21.25,,
Tuvalu,5.24,,,,,,10.00,15.00,20.00,25.00,30.00,35.00,37.00,39.20,42.70,46.01,49.32,,
Uganda,0.16,0.24,0.38,0.72,1.74,2.53,3.67,,,,,,,,,,,,
Ukraine,0.72,1.24,1.87,3.49,3.75,4.51,6.55,11.00,17.90,23.30,28.71,35.27,40.95,46.24,48.88,53.00,58.89,62.55,70.12
United Arab Emirates,23.63,26.27,28.32,30.13,40.00,52.00,61.00,63.00,64.00,68.00,78.00,85.00,88.00,90.40,90.50,90.60,94.82,98.45,99.15
United Kingdom,26.82,33.48,56.48,65.61,70.00,68.82,75.09,78.39,83.56,85.00,85.38,87.48,89.84,91.61,92.00,94.78,90.42,90.69,92.52
United States,43.08,49.08,58.79,64.76,67.97,68.93,75.00,74.00,71.00,71.69,69.73,74.70,71.40,73.00,74.55,85.54,87.27,88.50,89.43
Uruguay,10.54,11.12,11.42,17.06,20.09,29.40,34.00,39.30,41.80,46.40,51.40,54.45,57.69,61.46,64.57,66.40,70.32,80.73,83.35
Uzbekistan,0.48,0.60,1.08,2.59,3.34,6.39,7.49,9.08,11.90,15.90,18.60,23.60,26.80,35.50,42.80,46.79,48.70,55.20,70.40
Vanuatu,2.11,2.83,3.51,4.75,5.08,5.85,6.80,7.27,7.50,8.00,9.20,10.60,11.30,18.80,22.35,24.00,25.72,,
Venezuela,3.36,4.64,4.91,8.40,12.55,15.22,20.83,25.88,32.70,37.37,40.22,49.05,54.90,57.00,,,,,
Viet Nam,0.25,1.27,1.85,7.64,12.74,17.25,20.76,23.92,26.55,30.65,35.07,36.80,38.50,41.00,45.00,53.00,58.14,69.85,68.66
Virgin Islands (US),13.82,18.38,27.49,27.38,27.34,27.33,27.34,27.36,27.40,31.22,35.60,40.55,45.30,50.07,54.84,59.61,64.38,,
Wallis and Futuna,4.77,5.09,5.42,6.06,6.70,7.33,7.95,8.22,6.76,8.16,8.68,8.95,,,,,,,
Yemen,0.08,0.09,0.52,0.88,1.05,1.25,5.01,6.89,9.96,12.35,14.91,17.45,20.00,22.55,24.09,24.58,26.72,,
Zambia,0.19,0.23,0.48,2.01,2.85,4.16,4.87,5.55,6.31,10.00,11.50,,,,,,,14.30,19.00
Zimbabwe,0.40,0.80,1.10,2.10,2.40,2.40,3.00,3.50,4.00,6.40,8.40,12.00,15.50,16.36,22.74,23.12,24.40,25.00,25.10
,,,,,,,,,,,,,,,,,,,
,,,,,,,,,,,,,,,,,,,
,,,,,,,,,,,,,,,,,,,
,,,,,,,,,,,,,,,,,,,
,,,,,,,,,,,,,,,,,,,
,,,,,,,,,,,,,,,,,,,
,,,,,,,,,,,,,,,,,,,
,,,,,,,,,,,,,,,,,,,
,,,,,,,,,,,,,,,,,,,
,,,,,,,,,,,,,,,,,,,
,,,,,,,,,,,,,,,,,,,
,,,,,,,,,,,,,,,,,,,
,,,,,,,,,,,,,,,,,,,
,,,,,,,,,,,,,,,,,,,
,,,,,,,,,,,,,,,,,,,
,,,,,,,,,,,,,,,,,,,
,,,,,,,,,,,,,,,,,,,
,,,,,,,,,,,,,,,,,,,
,,,,,,,,,,,,,,,,,,,
,,,,,,,,,,,,,,,,,,,
,,,,,,,,,,,,,,,,,,,
,,,,,,,,,,,,,,,,,,,
,,,,,,,,,,,,,,,,,,,
,,,,,,,,,,,,,,,,,,,
,,,,,,,,,,,,,,,,,,,
,,,,,,,,,,,,,,,,,,,
,,,,,,,,,,,,,,,,,,,
,,,,,,,,,,,,,,,,,,,
,,,,,,,,,,,,,,,,,,,
,,,,,,,,,,,,,,,,,,,
,,,,,,,,,,,,,,,,,,,
,,,,,,,,,,,,,,,,,,,
,,,,,,,,,,,,,,,,,,,
,,,,,,,,,,,,,,,,,,,
,,,,,,,,,,,,,,,,,,,
,,,,,,,,,,,,,,,,,,,
,,,,,,,,,,,,,,,,,,,
,,,,,,,,,,,,,,,,,,,
,,,,,,,,,,,,,,,,,,,
,,,,,,,,,,,,,,,,,,,
,,,,,,,,,,,,,,,,,,,
,,,,,,,,,,,,,,,,,,,
,,,,,,,,,,,,,,,,,,,
,,,,,,,,,,,,,,,,,,,
,,,,,,,,,,,,,,,,,,,
,,,,,,,,,,,,,,,,,,,
,,,,,,,,,,,,,,,,,,,
,,,,,,,,,,,,,,,,,,,
,,,,,,,,,,,,,,,,,,,
,,,,,,,,,,,,,,,,,,,
,,,,,,,,,,,,,,,,,,,
,,,,,,,,,,,,,,,,,,,
,,,,,,,,,,,,,,,,,,,
,,,,,,,,,,,,,,,,,,,
,,,,,,,,,,,,,,,,,,,
,,,,,,,,,,,,,,,,,,,
,,,,,,,,,,,,,,,,,,,
,,,,,,,,,,,,,,,,,,,
,,,,,,,,,,,,,,,,,,,
,,,,,,,,,,,,,,,,,,,
,,,,,,,,,,,,,,,,,,,
,,,,,,,,,,,,,,,,,,,
,,,,,,,,,,,,,,,,,,,
,,,,,,,,,,,,,,,,,,,
,,,,,,,,,,,,,,,,,,,
,,,,,,,,,,,,,,,,,,,
,,,,,,,,,,,,,,,,,,,
,,,,,,,,,,,,,,,,,,,
,,,,,,,,,,,,,,,,,,,
,,,,,,,,,,,,,,,,,,,
,,,,,,,,,,,,,,,,,,,
,,,,,,,,,,,,,,,,,,,
,,,,,,,,,,,,,,,,,,,
,,,,,,,,,,,,,,,,,,,
,,,,,,,,,,,,,,,,,,,
,,,,,,,,,,,,,,,,,,,
,,,,,,,,,,,,,,,,,,,
,,,,,,,,,,,,,,,,,,,
,,,,,,,,,,,,,,,,,,,
,,,,,,,,,,,,,,,,,,,
,,,,,,,,,,,,,,,,,,,
,,,,,,,,,,,,,,,,,,,
,,,,,,,,,,,,,,,,,,,
,,,,,,,,,,,,,,,,,,,
,,,,,,,,,,,,,,,,,,,
,,,,,,,,,,,,,,,,,,,
,,,,,,,,,,,,,,,,,,,
,,,,,,,,,,,,,,,,,,,
,,,,,,,,,,,,,,,,,,,
,,,,,,,,,,,,,,,,,,,
,,,,,,,,,,,,,,,,,,,
,,,,,,,,,,,,,,,,,,,
,,,,,,,,,,,,,,,,,,,
,,,,,,,,,,,,,,,,,,,
,,,,,,,,,,,,,,,,,,,
,,,,,,,,,,,,,,,,,,,
,,,,,,,,,,,,,,,,,,,
,,,,,,,,,,,,,,,,,,,
,,,,,,,,,,,,,,,,,,,
,,,,,,,,,,,,,,,,,,,
,,,,,,,,,,,,,,,,,,,
,,,,,,,,,,,,,,,,,,,
,,,,,,,,,,,,,,,,,,,
,,,,,,,,,,,,,,,,,,,
,,,,,,,,,,,,,,,,,,,
,,,,,,,,,,,,,,,,,,,
,,,,,,,,,,,,,,,,,,,
,,,,,,,,,,,,,,,,,,,
,,,,,,,,,,,,,,,,,,,
,,,,,,,,,,,,,,,,,,,
,,,,,,,,,,,,,,,,,,,
,,,,,,,,,,,,,,,,,,,
,,,,,,,,,,,,,,,,,,,
,,,,,,,,,,,,,,,,,,,
,,,,,,,,,,,,,,,,,,,
,,,,,,,,,,,,,,,,,,,
,,,,,,,,,,,,,,,,,,,
,,,,,,,,,,,,,,,,,,,
,,,,,,,,,,,,,,,,,,,
,,,,,,,,,,,,,,,,,,,
,,,,,,,,,,,,,,,,,,,
,,,,,,,,,,,,,,,,,,,
,,,,,,,,,,,,,,,,,,,
,,,,,,,,,,,,,,,,,,,
,,,,,,,,,,,,,,,,,,,
,,,,,,,,,,,,,,,,,,,
,,,,,,,,,,,,,,,,,,,
,,,,,,,,,,,,,,,,,,,
,,,,,,,,,,,,,,,,,,,
,,,,,,,,,,,,,,,,,,,
,,,,,,,,,,,,,,,,,,,
,,,,,,,,,,,,,,,,,,,
,,,,,,,,,,,,,,,,,,,
,,,,,,,,,,,,,,,,,,,
,,,,,,,,,,,,,,,,,,,
,,,,,,,,,,,,,,,,,,,
,,,,,,,,,,,,,,,,,,,
,,,,,,,,,,,,,,,,,,,
,,,,,,,,,,,,,,,,,,,
,,,,,,,,,,,,,,,,,,,
,,,,,,,,,,,,,,,,,,,
,,,,,,,,,,,,,,,,,,,
,,,,,,,,,,,,,,,,,,,
,,,,,,,,,,,,,,,,,,,
,,,,,,,,,,,,,,,,,,,
,,,,,,,,,,,,,,,,,,,
,,,,,,,,,,,,,,,,,,,
,,,,,,,,,,,,,,,,,,,
,,,,,,,,,,,,,,,,,,,
,,,,,,,,,,,,,,,,,,,
,,,,,,,,,,,,,,,,,,,
,,,,,,,,,,,,,,,,,,,
,,,,,,,,,,,,,,,,,,,
,,,,,,,,,,,,,,,,,,,
,,,,,,,,,,,,,,,,,,,
,,,,,,,,,,,,,,,,,,,
,,,,,,,,,,,,,,,,,,,
,,,,,,,,,,,,,,,,,,,
,,,,,,,,,,,,,,,,,,,
,,,,,,,,,,,,,,,,,,,
,,,,,,,,,,,,,,,,,,,
,,,,,,,,,,,,,,,,,,,
,,,,,,,,,,,,,,,,,,,
,,,,,,,,,,,,,,,,,,,
,,,,,,,,,,,,,,,,,,,
,,,,,,,,,,,,,,,,,,,
,,,,,,,,,,,,,,,,,,,
,,,,,,,,,,,,,,,,,,,
,,,,,,,,,,,,,,,,,,,
,,,,,,,,,,,,,,,,,,,
,,,,,,,,,,,,,,,,,,,
,,,,,,,,,,,,,,,,,,,
,,,,,,,,,,,,,,,,,,,
,,,,,,,,,,,,,,,,,,,
,,,,,,,,,,,,,,,,,,,
,,,,,,,,,,,,,,,,,,,
,,,,,,,,,,,,,,,,,,,
,,,,,,,,,,,,,,,,,,,
,,,,,,,,,,,,,,,,,,,
,,,,,,,,,,,,,,,,,,,
,,,,,,,,,,,,,,,,,,,
,,,,,,,,,,,,,,,,,,,
,,,,,,,,,,,,,,,,,,,
,,,,,,,,,,,,,,,,,,,
,,,,,,,,,,,,,,,,,,,
,,,,,,,,,,,,,,,,,,,
,,,,,,,,,,,,,,,,,,,
,,,,,,,,,,,,,,,,,,,
,,,,,,,,,,,,,,,,,,,
,,,,,,,,,,,,,,,,,,,
,,,,,,,,,,,,,,,,,,,
,,,,,,,,,,,,,,,,,,,
,,,,,,,,,,,,,,,,,,,
,,,,,,,,,,,,,,,,,,,
,,,,,,,,,,,,,,,,,,,
,,,,,,,,,,,,,,,,,,,
,,,,,,,,,,,,,,,,,,,
,,,,,,,,,,,,,,,,,,,
,,,,,,,,,,,,,,,,,,,
,,,,,,,,,,,,,,,,,,,
,,,,,,,,,,,,,,,,,,,
,,,,,,,,,,,,,,,,,,,
,,,,,,,,,,,,,,,,,,,
,,,,,,,,,,,,,,,,,,,
,,,,,,,,,,,,,,,,,,,
,,,,,,,,,,,,,,,,,,,
,,,,,,,,,,,,,,,,,,,
,,,,,,,,,,,,,,,,,,,
,,,,,,,,,,,,,,,,,,,
,,,,,,,,,,,,,,,,,,,
,,,,,,,,,,,,,,,,,,,
,,,,,,,,,,,,,,,,,,,
,,,,,,,,,,,,,,,,,,,
,,,,,,,,,,,,,,,,,,,
,,,,,,,,,,,,,,,,,,,
,,,,,,,,,,,,,,,,,,,
,,,,,,,,,,,,,,,,,,,
,,,,,,,,,,,,,,,,,,,
,,,,,,,,,,,,,,,,,,,
,,,,,,,,,,,,,,,,,,,
,,,,,,,,,,,,,,,,,,,
,,,,,,,,,,,,,,,,,,,
,,,,,,,,,,,,,,,,,,,
,,,,,,,,,,,,,,,,,,,
,,,,,,,,,,,,,,,,,,,
,,,,,,,,,,,,,,,,,,,
,,,,,,,,,,,,,,,,,,,
,,,,,,,,,,,,,,,,,,,
,,,,,,,,,,,,,,,,,,,
,,,,,,,,,,,,,,,,,,,
,,,,,,,,,,,,,,,,,,,
,,,,,,,,,,,,,,,,,,,
,,,,,,,,,,,,,,,,,,,
,,,,,,,,,,,,,,,,,,,
,,,,,,,,,,,,,,,,,,,
,,,,,,,,,,,,,,,,,,,
,,,,,,,,,,,,,,,,,,,
,,,,,,,,,,,,,,,,,,,
,,,,,,,,,,,,,,,,,,,
,,,,,,,,,,,,,,,,,,,
,,,,,,,,,,,,,,,,,,,
,,,,,,,,,,,,,,,,,,,
,,,,,,,,,,,,,,,,,,,
,,,,,,,,,,,,,,,,,,,
,,,,,,,,,,,,,,,,,,,
,,,,,,,,,,,,,,,,,,,
,,,,,,,,,,,,,,,,,,,
,,,,,,,,,,,,,,,,,,,
,,,,,,,,,,,,,,,,,,,
,,,,,,,,,,,,,,,,,,,
,,,,,,,,,,,,,,,,,,,
,,,,,,,,,,,,,,,,,,,
,,,,,,,,,,,,,,,,,,,
,,,,,,,,,,,,,,,,,,,
,,,,,,,,,,,,,,,,,,,
,,,,,,,,,,,,,,,,,,,
,,,,,,,,,,,,,,,,,,,
,,,,,,,,,,,,,,,,,,,
,,,,,,,,,,,,,,,,,,,
,,,,,,,,,,,,,,,,,,,
,,,,,,,,,,,,,,,,,,,
,,,,,,,,,,,,,,,,,,,
,,,,,,,,,,,,,,,,,,,
,,,,,,,,,,,,,,,,,,,
,,,,,,,,,,,,,,,,,,,
,,,,,,,,,,,,,,,,,,,
,,,,,,,,,,,,,,,,,,,
,,,,,,,,,,,,,,,,,,,
,,,,,,,,,,,,,,,,,,,
,,,,,,,,,,,,,,,,,,,
,,,,,,,,,,,,,,,,,,,
,,,,,,,,,,,,,,,,,,,
,,,,,,,,,,,,,,,,,,,
,,,,,,,,,,,,,,,,,,,
,,,,,,,,,,,,,,,,,,,
,,,,,,,,,,,,,,,,,,,
,,,,,,,,,,,,,,,,,,,
,,,,,,,,,,,,,,,,,,,
,,,,,,,,,,,,,,,,,,,
,,,,,,,,,,,,,,,,,,,
,,,,,,,,,,,,,,,,,,,
,,,,,,,,,,,,,,,,,,,
,,,,,,,,,,,,,,,,,,,
,,,,,,,,,,,,,,,,,,,
,,,,,,,,,,,,,,,,,,,
,,,,,,,,,,,,,,,,,,,
,,,,,,,,,,,,,,,,,,,
,,,,,,,,,,,,,,,,,,,
,,,,,,,,,,,,,,,,,,,
,,,,,,,,,,,,,,,,,,,
,,,,,,,,,,,,,,,,,,,
,,,,,,,,,,,,,,,,,,,
,,,,,,,,,,,,,,,,,,,
,,,,,,,,,,,,,,,,,,,
,,,,,,,,,,,,,,,,,,,
,,,,,,,,,,,,,,,,,,,
,,,,,,,,,,,,,,,,,,,
,,,,,,,,,,,,,,,,,,,
,,,,,,,,,,,,,,,,,,,
,,,,,,,,,,,,,,,,,,,
,,,,,,,,,,,,,,,,,,,
,,,,,,,,,,,,,,,,,,,
,,,,,,,,,,,,,,,,,,,
,,,,,,,,,,,,,,,,,,,
,,,,,,,,,,,,,,,,,,,
,,,,,,,,,,,,,,,,,,,
,,,,,,,,,,,,,,,,,,,
,,,,,,,,,,,,,,,,,,,
,,,,,,,,,,,,,,,,,,,
,,,,,,,,,,,,,,,,,,,
,,,,,,,,,,,,,,,,,,,
,,,,,,,,,,,,,,,,,,,
,,,,,,,,,,,,,,,,,,,
,,,,,,,,,,,,,,,,,,,
,,,,,,,,,,,,,,,,,,,
,,,,,,,,,,,,,,,,,,,
,,,,,,,,,,,,,,,,,,,
,,,,,,,,,,,,,,,,,,,
,,,,,,,,,,,,,,,,,,,
,,,,,,,,,,,,,,,,,,,
,,,,,,,,,,,,,,,,,,,
,,,,,,,,,,,,,,,,,,,
,,,,,,,,,,,,,,,,,,,
,,,,,,,,,,,,,,,,,,,
,,,,,,,,,,,,,,,,,,,
,,,,,,,,,,,,,,,,,,,
,,,,,,,,,,,,,,,,,,,
,,,,,,,,,,,,,,,,,,,
,,,,,,,,,,,,,,,,,,,
,,,,,,,,,,,,,,,,,,,
,,,,,,,,,,,,,,,,,,,
,,,,,,,,,,,,,,,,,,,
,,,,,,,,,,,,,,,,,,,
,,,,,,,,,,,,,,,,,,,
,,,,,,,,,,,,,,,,,,,
,,,,,,,,,,,,,,,,,,,
,,,,,,,,,,,,,,,,,,,
,,,,,,,,,,,,,,,,,,,
,,,,,,,,,,,,,,,,,,,
,,,,,,,,,,,,,,,,,,,
,,,,,,,,,,,,,,,,,,,
,,,,,,,,,,,,,,,,,,,
,,,,,,,,,,,,,,,,,,,
,,,,,,,,,,,,,,,,,,,
,,,,,,,,,,,,,,,,,,,
,,,,,,,,,,,,,,,,,,,
,,,,,,,,,,,,,,,,,,,
,,,,,,,,,,,,,,,,,,,
,,,,,,,,,,,,,,,,,,,
,,,,,,,,,,,,,,,,,,,
,,,,,,,,,,,,,,,,,,,
,,,,,,,,,,,,,,,,,,,
,,,,,,,,,,,,,,,,,,,
,,,,,,,,,,,,,,,,,,,
,,,,,,,,,,,,,,,,,,,
,,,,,,,,,,,,,,,,,,,
,,,,,,,,,,,,,,,,,,,
,,,,,,,,,,,,,,,,,,,
,,,,,,,,,,,,,,,,,,,
,,,,,,,,,,,,,,,,,,,
,,,,,,,,,,,,,,,,,,,
,,,,,,,,,,,,,,,,,,,
,,,,,,,,,,,,,,,,,,,
,,,,,,,,,,,,,,,,,,,
,,,,,,,,,,,,,,,,,,,
,,,,,,,,,,,,,,,,,,,
,,,,,,,,,,,,,,,,,,,
,,,,,,,,,,,,,,,,,,,
,,,,,,,,,,,,,,,,,,,
,,,,,,,,,,,,,,,,,,,
,,,,,,,,,,,,,,,,,,,
,,,,,,,,,,,,,,,,,,,
,,,,,,,,,,,,,,,,,,,
,,,,,,,,,,,,,,,,,,,
,,,,,,,,,,,,,,,,,,,
,,,,,,,,,,,,,,,,,,,
,,,,,,,,,,,,,,,,,,,
,,,,,,,,,,,,,,,,,,,
,,,,,,,,,,,,,,,,,,,
,,,,,,,,,,,,,,,,,,,
,,,,,,,,,,,,,,,,,,,
,,,,,,,,,,,,,,,,,,,
,,,,,,,,,,,,,,,,,,,
,,,,,,,,,,,,,,,,,,,
,,,,,,,,,,,,,,,,,,,
,,,,,,,,,,,,,,,,,,,
,,,,,,,,,,,,,,,,,,,
,,,,,,,,,,,,,,,,,,,
,,,,,,,,,,,,,,,,,,,
,,,,,,,,,,,,,,,,,,,
,,,,,,,,,,,,,,,,,,,
,,,,,,,,,,,,,,,,,,,
,,,,,,,,,,,,,,,,,,,
,,,,,,,,,,,,,,,,,,,
,,,,,,,,,,,,,,,,,,,
,,,,,,,,,,,,,,,,,,,
,,,,,,,,,,,,,,,,,,,
,,,,,,,,,,,,,,,,,,,
,,,,,,,,,,,,,,,,,,,
,,,,,,,,,,,,,,,,,,,
,,,,,,,,,,,,,,,,,,,
,,,,,,,,,,,,,,,,,,,
,,,,,,,,,,,,,,,,,,,
,,,,,,,,,,,,,,,,,,,
,,,,,,,,,,,,,,,,,,,
,,,,,,,,,,,,,,,,,,,
,,,,,,,,,,,,,,,,,,,
,,,,,,,,,,,,,,,,,,,
,,,,,,,,,,,,,,,,,,,
,,,,,,,,,,,,,,,,,,,
,,,,,,,,,,,,,,,,,,,
,,,,,,,,,,,,,,,,,,,
,,,,,,,,,,,,,,,,,,,
,,,,,,,,,,,,,,,,,,,
,,,,,,,,,,,,,,,,,,,
,,,,,,,,,,,,,,,,,,,
,,,,,,,,,,,,,,,,,,,
,,,,,,,,,,,,,,,,,,,
,,,,,,,,,,,,,,,,,,,
,,,,,,,,,,,,,,,,,,,
,,,,,,,,,,,,,,,,,,,
,,,,,,,,,,,,,,,,,,,
,,,,,,,,,,,,,,,,,,,
,,,,,,,,,,,,,,,,,,,
,,,,,,,,,,,,,,,,,,,
,,,,,,,,,,,,,,,,,,,
,,,,,,,,,,,,,,,,,,,
,,,,,,,,,,,,,,,,,,,
,,,,,,,,,,,,,,,,,,,
,,,,,,,,,,,,,,,,,,,
,,,,,,,,,,,,,,,,,,,
,,,,,,,,,,,,,,,,,,,
,,,,,,,,,,,,,,,,,,,
,,,,,,,,,,,,,,,,,,,
,,,,,,,,,,,,,,,,,,,
,,,,,,,,,,,,,,,,,,,
,,,,,,,,,,,,,,,,,,,
,,,,,,,,,,,,,,,,,,,
,,,,,,,,,,,,,,,,,,,
,,,,,,,,,,,,,,,,,,,
,,,,,,,,,,,,,,,,,,,
,,,,,,,,,,,,,,,,,,,
,,,,,,,,,,,,,,,,,,,
,,,,,,,,,,,,,,,,,,,
,,,,,,,,,,,,,,,,,,,
,,,,,,,,,,,,,,,,,,,
,,,,,,,,,,,,,,,,,,,
,,,,,,,,,,,,,,,,,,,
,,,,,,,,,,,,,,,,,,,
,,,,,,,,,,,,,,,,,,,
,,,,,,,,,,,,,,,,,,,
,,,,,,,,,,,,,,,,,,,
,,,,,,,,,,,,,,,,,,,
,,,,,,,,,,,,,,,,,,,
,,,,,,,,,,,,,,,,,,,
,,,,,,,,,,,,,,,,,,,
,,,,,,,,,,,,,,,,,,,
,,,,,,,,,,,,,,,,,,,
,,,,,,,,,,,,,,,,,,,
,,,,,,,,,,,,,,,,,,,
,,,,,,,,,,,,,,,,,,,
,,,,,,,,,,,,,,,,,,,
,,,,,,,,,,,,,,,,,,,
,,,,,,,,,,,,,,,,,,,
,,,,,,,,,,,,,,,,,,,
,,,,,,,,,,,,,,,,,,,
,,,,,,,,,,,,,,,,,,,
,,,,,,,,,,,,,,,,,,,
,,,,,,,,,,,,,,,,,,,
,,,,,,,,,,,,,,,,,,,
,,,,,,,,,,,,,,,,,,,
,,,,,,,,,,,,,,,,,,,
,,,,,,,,,,,,,,,,,,,
,,,,,,,,,,,,,,,,,,,
,,,,,,,,,,,,,,,,,,,
,,,,,,,,,,,,,,,,,,,
,,,,,,,,,,,,,,,,,,,
,,,,,,,,,,,,,,,,,,,
,,,,,,,,,,,,,,,,,,,
,,,,,,,,,,,,,,,,,,,
,,,,,,,,,,,,,,,,,,,
,,,,,,,,,,,,,,,,,,,
,,,,,,,,,,,,,,,,,,,
,,,,,,,,,,,,,,,,,,,
,,,,,,,,,,,,,,,,,,,
,,,,,,,,,,,,,,,,,,,
,,,,,,,,,,,,,,,,,,,
,,,,,,,,,,,,,,,,,,,
,,,,,,,,,,,,,,,,,,,
,,,,,,,,,,,,,,,,,,,
,,,,,,,,,,,,,,,,,,,
,,,,,,,,,,,,,,,,,,,
,,,,,,,,,,,,,,,,,,,
,,,,,,,,,,,,,,,,,,,
,,,,,,,,,,,,,,,,,,,
,,,,,,,,,,,,,,,,,,,
,,,,,,,,,,,,,,,,,,,
,,,,,,,,,,,,,,,,,,,
,,,,,,,,,,,,,,,,,,,
,,,,,,,,,,,,,,,,,,,
,,,,,,,,,,,,,,,,,,,
,,,,,,,,,,,,,,,,,,,
,,,,,,,,,,,,,,,,,,,
,,,,,,,,,,,,,,,,,,,
,,,,,,,,,,,,,,,,,,,
,,,,,,,,,,,,,,,,,,,
,,,,,,,,,,,,,,,,,,,
,,,,,,,,,,,,,,,,,,,
,,,,,,,,,,,,,,,,,,,
,,,,,,,,,,,,,,,,,,,
,,,,,,,,,,,,,,,,,,,
,,,,,,,,,,,,,,,,,,,
,,,,,,,,,,,,,,,,,,,
,,,,,,,,,,,,,,,,,,,
,,,,,,,,,,,,,,,,,,,
,,,,,,,,,,,,,,,,,,,
,,,,,,,,,,,,,,,,,,,
,,,,,,,,,,,,,,,,,,,
,,,,,,,,,,,,,,,,,,,
,,,,,,,,,,,,,,,,,,,
,,,,,,,,,,,,,,,,,,,
,,,,,,,,,,,,,,,,,,,
,,,,,,,,,,,,,,,,,,,
,,,,,,,,,,,,,,,,,,,
,,,,,,,,,,,,,,,,,,,
,,,,,,,,,,,,,,,,,,,
,,,,,,,,,,,,,,,,,,,
,,,,,,,,,,,,,,,,,,,
,,,,,,,,,,,,,,,,,,,
,,,,,,,,,,,,,,,,,,,
,,,,,,,,,,,,,,,,,,,
,,,,,,,,,,,,,,,,,,,
,,,,,,,,,,,,,,,,,,,
,,,,,,,,,,,,,,,,,,,
,,,,,,,,,,,,,,,,,,,
,,,,,,,,,,,,,,,,,,,
,,,,,,,,,,,,,,,,,,,
,,,,,,,,,,,,,,,,,,,
,,,,,,,,,,,,,,,,,,,
,,,,,,,,,,,,,,,,,,,
,,,,,,,,,,,,,,,,,,,
,,,,,,,,,,,,,,,,,,,
,,,,,,,,,,,,,,,,,,,
,,,,,,,,,,,,,,,,,,,
,,,,,,,,,,,,,,,,,,,
,,,,,,,,,,,,,,,,,,,
,,,,,,,,,,,,,,,,,,,
,,,,,,,,,,,,,,,,,,,
,,,,,,,,,,,,,,,,,,,
,,,,,,,,,,,,,,,,,,,
,,,,,,,,,,,,,,,,,,,
,,,,,,,,,,,,,,,,,,,
,,,,,,,,,,,,,,,,,,,
,,,,,,,,,,,,,,,,,,,
,,,,,,,,,,,,,,,,,,,
,,,,,,,,,,,,,,,,,,,
,,,,,,,,,,,,,,,,,,,
,,,,,,,,,,,,,,,,,,,
,,,,,,,,,,,,,,,,,,,
,,,,,,,,,,,,,,,,,,,
,,,,,,,,,,,,,,,,,,,
,,,,,,,,,,,,,,,,,,,
,,,,,,,,,,,,,,,,,,,
,,,,,,,,,,,,,,,,,,,
,,,,,,,,,,,,,,,,,,,
,,,,,,,,,,,,,,,,,,,
,,,,,,,,,,,,,,,,,,,
,,,,,,,,,,,,,,,,,,,
,,,,,,,,,,,,,,,,,,,
,,,,,,,,,,,,,,,,,,,
,,,,,,,,,,,,,,,,,,,
,,,,,,,,,,,,,,,,,,,
,,,,,,,,,,,,,,,,,,,
,,,,,,,,,,,,,,,,,,,
,,,,,,,,,,,,,,,,,,,
,,,,,,,,,,,,,,,,,,,
,,,,,,,,,,,,,,,,,,,
,,,,,,,,,,,,,,,,,,,
,,,,,,,,,,,,,,,,,,,
,,,,,,,,,,,,,,,,,,,
,,,,,,,,,,,,,,,,,,,
,,,,,,,,,,,,,,,,,,,
,,,,,,,,,,,,,,,,,,,
,,,,,,,,,,,,,,,,,,,
,,,,,,,,,,,,,,,,,,,
,,,,,,,,,,,,,,,,,,,
,,,,,,,,,,,,,,,,,,,
,,,,,,,,,,,,,,,,,,,
,,,,,,,,,,,,,,,,,,,
,,,,,,,,,,,,,,,,,,,
,,,,,,,,,,,,,,,,,,,
,,,,,,,,,,,,,,,,,,,
,,,,,,,,,,,,,,,,,,,
,,,,,,,,,,,,,,,,,,,
,,,,,,,,,,,,,,,,,,,
,,,,,,,,,,,,,,,,,,,
,,,,,,,,,,,,,,,,,,,
,,,,,,,,,,,,,,,,,,,
,,,,,,,,,,,,,,,,,,,
,,,,,,,,,,,,,,,,,,,
,,,,,,,,,,,,,,,,,,,
,,,,,,,,,,,,,,,,,,,
,,,,,,,,,,,,,,,,,,,
,,,,,,,,,,,,,,,,,,,
,,,,,,,,,,,,,,,,,,,
,,,,,,,,,,,,,,,,,,,
,,,,,,,,,,,,,,,,,,,
,,,,,,,,,,,,,,,,,,,
,,,,,,,,,,,,,,,,,,,
,,,,,,,,,,,,,,,,,,,
,,,,,,,,,,,,,,,,,,,
,,,,,,,,,,,,,,,,,,,
,,,,,,,,,,,,,,,,,,,
,,,,,,,,,,,,,,,,,,,
,,,,,,,,,,,,,,,,,,,
,,,,,,,,,,,,,,,,,,,
,,,,,,,,,,,,,,,,,,,
,,,,,,,,,,,,,,,,,,,
,,,,,,,,,,,,,,,,,,,
,,,,,,,,,,,,,,,,,,,
,,,,,,,,,,,,,,,,,,,
,,,,,,,,,,,,,,,,,,,
,,,,,,,,,,,,,,,,,,,
,,,,,,,,,,,,,,,,,,,
,,,,,,,,,,,,,,,,,,,
,,,,,,,,,,,,,,,,,,,
,,,,,,,,,,,,,,,,,,,
,,,,,,,,,,,,,,,,,,,
,,,,,,,,,,,,,,,,,,,
,,,,,,,,,,,,,,,,,,,
,,,,,,,,,,,,,,,,,,,
,,,,,,,,,,,,,,,,,,,
,,,,,,,,,,,,,,,,,,,
,,,,,,,,,,,,,,,,,,,
,,,,,,,,,,,,,,,,,,,
,,,,,,,,,,,,,,,,,,,
,,,,,,,,,,,,,,,,,,,
,,,,,,,,,,,,,,,,,,,
,,,,,,,,,,,,,,,,,,,
,,,,,,,,,,,,,,,,,,,
,,,,,,,,,,,,,,,,,,,
,,,,,,,,,,,,,,,,,,,
,,,,,,,,,,,,,,,,,,,
,,,,,,,,,,,,,,,,,,,
,,,,,,,,,,,,,,,,,,,
,,,,,,,,,,,,,,,,,,,
,,,,,,,,,,,,,,,,,,,
,,,,,,,,,,,,,,,,,,,
,,,,,,,,,,,,,,,,,,,
,,,,,,,,,,,,,,,,,,,
,,,,,,,,,,,,,,,,,,,
,,,,,,,,,,,,,,,,,,,
,,,,,,,,,,,,,,,,,,,
,,,,,,,,,,,,,,,,,,,
,,,,,,,,,,,,,,,,,,,
,,,,,,,,,,,,,,,,,,,
,,,,,,,,,,,,,,,,,,,
,,,,,,,,,,,,,,,,,,,
,,,,,,,,,,,,,,,,,,,
,,,,,,,,,,,,,,,,,,,
,,,,,,,,,,,,,,,,,,,
,,,,,,,,,,,,,,,,,,,
,,,,,,,,,,,,,,,,,,,
,,,,,,,,,,,,,,,,,,,
,,,,,,,,,,,,,,,,,,,
,,,,,,,,,,,,,,,,,,,
,,,,,,,,,,,,,,,,,,,
,,,,,,,,,,,,,,,,,,,
,,,,,,,,,,,,,,,,,,,
,,,,,,,,,,,,,,,,,,,
,,,,,,,,,,,,,,,,,,,
,,,,,,,,,,,,,,,,,,,
,,,,,,,,,,,,,,,,,,,
,,,,,,,,,,,,,,,,,,,
,,,,,,,,,,,,,,,,,,,
,,,,,,,,,,,,,,,,,,,
,,,,,,,,,,,,,,,,,,,
,,,,,,,,,,,,,,,,,,,
,,,,,,,,,,,,,,,,,,,
,,,,,,,,,,,,,,,,,,,
,,,,,,,,,,,,,,,,,,,
,,,,,,,,,,,,,,,,,,,
,,,,,,,,,,,,,,,,,,,
,,,,,,,,,,,,,,,,,,,
,,,,,,,,,,,,,,,,,,,
,,,,,,,,,,,,,,,,,,,
,,,,,,,,,,,,,,,,,,,
,,,,,,,,,,,,,,,,,,,
,,,,,,,,,,,,,,,,,,,
,,,,,,,,,,,,,,,,,,,
,,,,,,,,,,,,,,,,,,,
,,,,,,,,,,,,,,,,,,,
,,,,,,,,,,,,,,,,,,,
,,,,,,,,,,,,,,,,,,,
,,,,,,,,,,,,,,,,,,,
,,,,,,,,,,,,,,,,,,,
,,,,,,,,,,,,,,,,,,,
,,,,,,,,,,,,,,,,,,,
,,,,,,,,,,,,,,,,,,,
,,,,,,,,,,,,,,,,,,,
,,,,,,,,,,,,,,,,,,,
,,,,,,,,,,,,,,,,,,,
,,,,,,,,,,,,,,,,,,,
,,,,,,,,,,,,,,,,,,,
,,,,,,,,,,,,,,,,,,,
,,,,,,,,,,,,,,,,,,,
,,,,,,,,,,,,,,,,,,,
,,,,,,,,,,,,,,,,,,,
,,,,,,,,,,,,,,,,,,,
,,,,,,,,,,,,,,,,,,,
,,,,,,,,,,,,,,,,,,,
,,,,,,,,,,,,,,,,,,,
,,,,,,,,,,,,,,,,,,,
,,,,,,,,,,,,,,,,,,,
,,,,,,,,,,,,,,,,,,,
,,,,,,,,,,,,,,,,,,,
,,,,,,,,,,,,,,,,,,,
,,,,,,,,,,,,,,,,,,,
,,,,,,,,,,,,,,,,,,,
,,,,,,,,,,,,,,,,,,,
,,,,,,,,,,,,,,,,,,,
,,,,,,,,,,,,,,,,,,,
,,,,,,,,,,,,,,,,,,,
,,,,,,,,,,,,,,,,,,,
,,,,,,,,,,,,,,,,,,,
,,,,,,,,,,,,,,,,,,,
,,,,,,,,,,,,,,,,,,,
,,,,,,,,,,,,,,,,,,,
,,,,,,,,,,,,,,,,,,,
,,,,,,,,,,,,,,,,,,,
,,,,,,,,,,,,,,,,,,,
,,,,,,,,,,,,,,,,,,,
,,,,,,,,,,,,,,,,,,,
,,,,,,,,,,,,,,,,,,,
,,,,,,,,,,,,,,,,,,,
,,,,,,,,,,,,,,,,,,,
,,,,,,,,,,,,,,,,,,,
,,,,,,,,,,,,,,,,,,,
,,,,,,,,,,,,,,,,,,,
,,,,,,,,,,,,,,,,,,,
,,,,,,,,,,,,,,,,,,,
,,,,,,,,,,,,,,,,,,,
,,,,,,,,,,,,,,,,,,,
,,,,,,,,,,,,,,,,,,,
,,,,,,,,,,,,,,,,,,,
,,,,,,,,,,,,,,,,,,,
,,,,,,,,,,,,,,,,,,,
,,,,,,,,,,,,,,,,,,,
,,,,,,,,,,,,,,,,,,,
,,,,,,,,,,,,,,,,,,,
,,,,,,,,,,,,,,,,,,,
,,,,,,,,,,,,,,,,,,,
,,,,,,,,,,,,,,,,,,,
,,,,,,,,,,,,,,,,,,,
,,,,,,,,,,,,,,,,,,,
,,,,,,,,,,,,,,,,,,,
,,,,,,,,,,,,,,,,,,,
,,,,,,,,,,,,,,,,,,,
,,,,,,,,,,,,,,,,,,,
,,,,,,,,,,,,,,,,,,,
,,,,,,,,,,,,,,,,,,,
,,,,,,,,,,,,,,,,,,,
,,,,,,,,,,,,,,,,,,,
